,accuracy,precision,recall,f1_score
mean,0.8526599326599327,0.8714728106032454,0.8230158730158731,0.8461200686106347
std,0.08527317423772975,0.07662911511579802,0.10986164443875426,0.09494356381113862
