fold,accuracy,precision,recall,f1_score
1,0.9,0.8125,1.0,0.896551724137931
2,0.8666666666666667,0.8125,0.9285714285714286,0.8666666666666667
3,0.9333333333333333,0.875,1.0,0.9333333333333333
4,0.8620689655172413,0.9090909090909091,0.7692307692307693,0.8333333333333334
5,0.896551724137931,0.8571428571428571,0.9230769230769231,0.8888888888888888
