fold,accuracy,precision,recall,f1_score
1,0.8727272727272727,0.8846153846153846,0.8518518518518519,0.8679245283018868
2,0.9090909090909091,0.9259259259259259,0.8928571428571429,0.9090909090909091
3,0.9074074074074074,0.9230769230769231,0.8888888888888888,0.9056603773584906
4,0.8703703703703703,0.8846153846153846,0.8518518518518519,0.8679245283018868
5,0.7037037037037037,0.7391304347826086,0.6296296296296297,0.68
