,accuracy,precision,recall,f1_score
mean,0.8917241379310343,0.8532467532467531,0.9241758241758242,0.8837547892720308
std,0.028854924799125128,0.04161594920257986,0.09424318311207575,0.03702188442404842
