accuracy,precision,recall,f1_score
0.8214285714285714,0.8461538461538461,0.7857142857142857,0.8148148148148148
