accuracy,precision,recall,f1_score
0.8235294117647058,0.9166666666666666,0.6875,0.7857142857142857
